{"ms-python.python":{"InterpreterSelectionTip":true,"EXPERIMENT_STORAGE_KEY":[{"name":"AlwaysDisplayTestExplorer - experiment","salt":"AlwaysDisplayTestExplorer","min":80,"max":100},{"name":"AlwaysDisplayTestExplorer - control","salt":"AlwaysDisplayTestExplorer","min":0,"max":20},{"name":"ShowPlayIcon - start","salt":"ShowPlayIcon","max":100,"min":0},{"name":"ShowExtensionSurveyPrompt - enabled","salt":"ShowExtensionSurveyPrompt","max":100,"min":80},{"name":"ShowExtensionSurveyPrompt - control","salt":"ShowExtensionSurveyPrompt","min":0,"max":20},{"name":"DebugAdapterFactory - control","salt":"DebugAdapterFactory","min":0,"max":0},{"name":"DebugAdapterFactory - experiment","salt":"DebugAdapterFactory","min":0,"max":100},{"name":"PtvsdWheels37 - control","salt":"DebugAdapterFactory","min":0,"max":0},{"name":"PtvsdWheels37 - experiment","salt":"DebugAdapterFactory","min":0,"max":100},{"name":"Reload - control","salt":"DebugAdapterFactory","min":0,"max":0},{"name":"Reload - experiment","salt":"DebugAdapterFactory","min":0,"max":0},{"name":"UseTerminalToGetActivatedEnvVars - experiment","salt":"UseTerminalToGetActivatedEnvVars","min":0,"max":0},{"name":"UseTerminalToGetActivatedEnvVars - control","salt":"UseTerminalToGetActivatedEnvVars","min":0,"max":100},{"name":"AA_testing - control","salt":"AA_testing","min":0,"max":10},{"name":"AA_testing - experiment","salt":"AA_testing","min":90,"max":100},{"name":"LocalZMQKernel - experiment","salt":"LocalZMQKernel","min":0,"max":100},{"name":"LocalZMQKernel - control","salt":"LocalZMQKernel","min":0,"max":0},{"name":"CollectLSRequestTiming - experiment","salt":"CollectLSRequestTiming","min":0,"max":10},{"name":"CollectLSRequestTiming - control","salt":"CollectLSRequestTiming","min":10,"max":100},{"name":"CollectNodeLSRequestTiming - experiment","salt":"CollectNodeLSRequestTiming","min":0,"max":100},{"name":"CollectNodeLSRequestTiming - control","salt":"CollectNodeLSRequestTiming","min":0,"max":0},{"name":"EnableIPyWidgets - experiment","salt":"EnableIPyWidgets","min":0,"max":100},{"name":"EnableIPyWidgets - control","salt":"EnableIPyWidgets","min":0,"max":0},{"name":"DeprecatePythonPath - experiment","salt":"DeprecatePythonPath","min":0,"max":20},{"name":"DeprecatePythonPath - control","salt":"DeprecatePythonPath","min":80,"max":100},{"name":"RunByLine - experiment","salt":"RunByLine","min":0,"max":40},{"name":"RunByLine - control","salt":"RunByLine","min":40,"max":100},{"name":"CustomEditorSupport - control","salt":"CustomEditorSupport","min":0,"max":100},{"name":"CustomEditorSupport - experiment","salt":"CustomEditorSupport","min":0,"max":0},{"name":"NativeNotebook - experiment","salt":"CustomEditorSupport","max":0,"min":0}],"workspaceFolderKeysForWhichTheCopyIsDone_Key":["/home/karminedahockeybeast"],"VSCode.ABExp.FeatureData":{"features":["livesharecontinuousaacf","reusableLinks","pythonaa","RemoveKernelToolbarInInteractiveWindowcf","portForwardingServiceEnabled-development","portForwardingServiceEnabled-staging","portForwardingServiceEnabled-production","test11-04-2020","pylanceIndexingEnabled","pythonTensorboardExperiment","pythonSurveyNotificationcf","PythonPyTorchProfiler","testing-appver4cf","mindaroBinariesVersion","mindaroBinariesVersion-1.0.20210702","mindaroBinariesVersion-1.0.20210723","account-aacf","pylanceRenameFile","3491uorruq","vs844cf"],"assignmentContext":"vsliv368cf:30146710;vsreu685:30147344;vspyt267:30161957;python383cf:30185419;vspor879:30202332;vspor708:30202333;vspor363:30204092;vstes627:30244334;pythonvspyl392:30443607;pythontb:30283811;pythonvspyt551cf:30345471;pythonptprofiler:30281270;vstes263cf:30335440;binariesv615:30325510;bridge0708:30335490;bridge0723:30353136;vsaa593cf:30376535;pythonvs932:30410667;vs3491uorruq:30493474;vs844cf:30494249;","configs":[{"Id":"vscode","Parameters":{"livesharecontinuousaa":false,"reusableLinks":true,"pythonaa":true,"RemoveKernelToolbarInInteractiveWindow":false,"portForwardingServiceEnabled-development":true,"portForwardingServiceEnabled-staging":true,"portForwardingServiceEnabled-production":true,"test11-04-2020":true,"pylanceIndexingEnabled":true,"pythonTensorboardExperiment":true,"pythonSurveyNotification":false,"PythonPyTorchProfiler":true,"testing-appver4":false,"mindaroBinariesVersion":"1.0.20210615.1","mindaroBinariesVersion-1.0.20210702":"1.0.20210708.15","mindaroBinariesVersion-1.0.20210723":"1.0.20210723.6","account-aa":false,"pylanceRenameFile":true,"3491uorruq":true,"vs844":false}}]},"/usr/bin/python.interpreter.Details.v7":{"data":{"fileHash":"ee64596b06ad9b867453dcb4f2930c4f162d12791695c1bb1ae263e995302cc221ef0d78b6156064ddb06c13fe81744930e4dc88c7303166ba3551f61d0bba10","info":{"architecture":3,"path":"/usr/bin/python","version":{"options":{"loose":false,"includePrerelease":false},"loose":false,"raw":"3.9.2-final","major":3,"minor":9,"patch":2,"prerelease":["final"],"build":[],"version":"3.9.2-final"},"sysVersion":"3.9.2 (default, Feb 28 2021, 17:03:44) \n[GCC 10.2.1 20210110]","sysPrefix":"/usr","fileHash":"ee64596b06ad9b867453dcb4f2930c4f162d12791695c1bb1ae263e995302cc221ef0d78b6156064ddb06c13fe81744930e4dc88c7303166ba3551f61d0bba10","envType":"Unknown","displayName":"Python 3.9.2 64-bit"}},"expiry":1656517447641},"INTERPRETERS_CACHE_v3_CondaEnvService":[],"isGlobalSettingCopiedKey":true,"INTERPRETERS_CACHE_v3_CondaEnvFileService":[],"/usr/bin/python.v3":{"data":{"architecture":3,"path":"/usr/bin/python","version":{"options":{"loose":false,"includePrerelease":false},"loose":false,"raw":"3.9.2-final","major":3,"minor":9,"patch":2,"prerelease":["final"],"build":[],"version":"3.9.2-final"},"sysVersion":"3.9.2 (default, Feb 28 2021, 17:03:44) \n[GCC 10.2.1 20210110]","sysPrefix":"/usr","fileHash":"ee64596b06ad9b867453dcb4f2930c4f162d12791695c1bb1ae263e995302cc221ef0d78b6156064ddb06c13fe81744930e4dc88c7303166ba3551f61d0bba10"},"expiry":1656517127848},"/usr/bin/python2.v3":{"data":{"architecture":3,"path":"/usr/bin/python2","version":{"options":{"loose":false,"includePrerelease":false},"loose":false,"raw":"2.7.18-final","major":2,"minor":7,"patch":18,"prerelease":["final"],"build":[],"version":"2.7.18-final"},"sysVersion":"2.7.18 (default, Jul 14 2021, 08:11:37) \n[GCC 10.2.1 20210110]","sysPrefix":"/usr","fileHash":"b6bee0bff9bbad83d39f3cd12d7b61b9f362cd807b5d455f8b5ee0057f874ee1182f614862b4d3b894c2b64952c96b456277a273d8f04d5130d3938773775899"},"expiry":1656517131352},"/usr/bin/python3.v3":{"data":{"architecture":3,"path":"/usr/bin/python3","version":{"options":{"loose":false,"includePrerelease":false},"loose":false,"raw":"3.9.2-final","major":3,"minor":9,"patch":2,"prerelease":["final"],"build":[],"version":"3.9.2-final"},"sysVersion":"3.9.2 (default, Feb 28 2021, 17:03:44) \n[GCC 10.2.1 20210110]","sysPrefix":"/usr","fileHash":"b6d1dd9b474b944a1dcf683d15d252eefc8365d88d89634566d87f5e9786b0106ae9afb91b44a54547dddfa6d0a61d917d0bfaa213dd2de4bed28c592ecb49bf"},"expiry":1656517131367},"INTERPRETERS_CACHE_v3_CurrentPathService":[{"architecture":3,"path":"/usr/bin/python3","version":{"options":{"loose":false,"includePrerelease":false},"loose":false,"raw":"3.9.2-final","major":3,"minor":9,"patch":2,"prerelease":["final"],"build":[],"version":"3.9.2-final"},"sysVersion":"3.9.2 (default, Feb 28 2021, 17:03:44) \n[GCC 10.2.1 20210110]","sysPrefix":"/usr","fileHash":"b6d1dd9b474b944a1dcf683d15d252eefc8365d88d89634566d87f5e9786b0106ae9afb91b44a54547dddfa6d0a61d917d0bfaa213dd2de4bed28c592ecb49bf","envType":"Unknown"},{"architecture":3,"path":"/usr/bin/python2","version":{"options":{"loose":false,"includePrerelease":false},"loose":false,"raw":"2.7.18-final","major":2,"minor":7,"patch":18,"prerelease":["final"],"build":[],"version":"2.7.18-final"},"sysVersion":"2.7.18 (default, Jul 14 2021, 08:11:37) \n[GCC 10.2.1 20210110]","sysPrefix":"/usr","fileHash":"b6bee0bff9bbad83d39f3cd12d7b61b9f362cd807b5d455f8b5ee0057f874ee1182f614862b4d3b894c2b64952c96b456277a273d8f04d5130d3938773775899","envType":"Unknown"},{"architecture":3,"path":"/usr/bin/python","version":{"options":{"loose":false,"includePrerelease":false},"loose":false,"raw":"3.9.2-final","major":3,"minor":9,"patch":2,"prerelease":["final"],"build":[],"version":"3.9.2-final"},"sysVersion":"3.9.2 (default, Feb 28 2021, 17:03:44) \n[GCC 10.2.1 20210110]","sysPrefix":"/usr","fileHash":"ee64596b06ad9b867453dcb4f2930c4f162d12791695c1bb1ae263e995302cc221ef0d78b6156064ddb06c13fe81744930e4dc88c7303166ba3551f61d0bba10","envType":"Unknown"},{"architecture":3,"path":"/usr/bin/python","version":{"options":{"loose":false,"includePrerelease":false},"loose":false,"raw":"3.9.2-final","major":3,"minor":9,"patch":2,"prerelease":["final"],"build":[],"version":"3.9.2-final"},"sysVersion":"3.9.2 (default, Feb 28 2021, 17:03:44) \n[GCC 10.2.1 20210110]","sysPrefix":"/usr","fileHash":"ee64596b06ad9b867453dcb4f2930c4f162d12791695c1bb1ae263e995302cc221ef0d78b6156064ddb06c13fe81744930e4dc88c7303166ba3551f61d0bba10","envType":"Unknown"}],"INTERPRETERS_CACHE_v3_VirtualEnvService":[],"InterpreterAutoSeletionRule-currentPath":{"architecture":3,"path":"/usr/bin/python","version":{"options":{"loose":false,"includePrerelease":false},"loose":false,"raw":"3.9.2-final","major":3,"minor":9,"patch":2,"prerelease":["final"],"build":[],"version":"3.9.2-final"},"sysVersion":"3.9.2 (default, Feb 28 2021, 17:03:44) \n[GCC 10.2.1 20210110]","sysPrefix":"/usr","fileHash":"ee64596b06ad9b867453dcb4f2930c4f162d12791695c1bb1ae263e995302cc221ef0d78b6156064ddb06c13fe81744930e4dc88c7303166ba3551f61d0bba10","envType":"Unknown"},"preferredGlobalPyInterpreter":{"architecture":3,"path":"/usr/bin/python","version":{"options":{"loose":false,"includePrerelease":false},"loose":false,"raw":"3.9.2-final","major":3,"minor":9,"patch":2,"prerelease":["final"],"build":[],"version":"3.9.2-final"},"sysVersion":"3.9.2 (default, Feb 28 2021, 17:03:44) \n[GCC 10.2.1 20210110]","sysPrefix":"/usr","fileHash":"ee64596b06ad9b867453dcb4f2930c4f162d12791695c1bb1ae263e995302cc221ef0d78b6156064ddb06c13fe81744930e4dc88c7303166ba3551f61d0bba10","envType":"Unknown"},"InterpreterAutoSeletionRule-cachedInterpreters":{"architecture":3,"path":"/usr/bin/python","version":{"options":{"loose":false,"includePrerelease":false},"loose":false,"raw":"3.9.2-final","major":3,"minor":9,"patch":2,"prerelease":["final"],"build":[],"version":"3.9.2-final"},"sysVersion":"3.9.2 (default, Feb 28 2021, 17:03:44) \n[GCC 10.2.1 20210110]","sysPrefix":"/usr","fileHash":"ee64596b06ad9b867453dcb4f2930c4f162d12791695c1bb1ae263e995302cc221ef0d78b6156064ddb06c13fe81744930e4dc88c7303166ba3551f61d0bba10","envType":"Unknown"},"safeInterpretersKey":["/usr/bin/python"],"/bin/python2.7.v3":{"data":{"architecture":3,"path":"/bin/python2.7","version":{"options":{"loose":false,"includePrerelease":false},"loose":false,"raw":"2.7.18-final","major":2,"minor":7,"patch":18,"prerelease":["final"],"build":[],"version":"2.7.18-final"},"sysVersion":"2.7.18 (default, Jul 14 2021, 08:11:37) \n[GCC 10.2.1 20210110]","sysPrefix":"/usr","fileHash":"1884210b10690349f4257497721915160e168eeff710c3107986b0f7687582b14666ad77cc78ec8c48a7e9b2060ad58945340d089d2c8dbaf5abe54a718e23da"},"expiry":1656517134309},"/bin/python2.v3":{"data":{"architecture":3,"path":"/bin/python2","version":{"options":{"loose":false,"includePrerelease":false},"loose":false,"raw":"2.7.18-final","major":2,"minor":7,"patch":18,"prerelease":["final"],"build":[],"version":"2.7.18-final"},"sysVersion":"2.7.18 (default, Jul 14 2021, 08:11:37) \n[GCC 10.2.1 20210110]","sysPrefix":"/usr","fileHash":"b6bee0bff9bbad83d39f3cd12d7b61b9f362cd807b5d455f8b5ee0057f874ee1182f614862b4d3b894c2b64952c96b456277a273d8f04d5130d3938773775899"},"expiry":1656517134310},"/bin/python.v3":{"data":{"architecture":3,"path":"/bin/python","version":{"options":{"loose":false,"includePrerelease":false},"loose":false,"raw":"3.9.2-final","major":3,"minor":9,"patch":2,"prerelease":["final"],"build":[],"version":"3.9.2-final"},"sysVersion":"3.9.2 (default, Feb 28 2021, 17:03:44) \n[GCC 10.2.1 20210110]","sysPrefix":"/usr","fileHash":"ee64596b06ad9b867453dcb4f2930c4f162d12791695c1bb1ae263e995302cc221ef0d78b6156064ddb06c13fe81744930e4dc88c7303166ba3551f61d0bba10"},"expiry":1656517134311},"/usr/bin/python3.9.v3":{"data":{"architecture":3,"path":"/usr/bin/python3.9","version":{"options":{"loose":false,"includePrerelease":false},"loose":false,"raw":"3.9.2-final","major":3,"minor":9,"patch":2,"prerelease":["final"],"build":[],"version":"3.9.2-final"},"sysVersion":"3.9.2 (default, Feb 28 2021, 17:03:44) \n[GCC 10.2.1 20210110]","sysPrefix":"/usr","fileHash":"91271268733df3af77cc227ecea977cb0049b254516de265ce54ed5704fcbc72156f34df76aabda3f13f764daa844e7c3618256bd4a593ae76cbc0e095941c57"},"expiry":1656517134312},"/usr/bin/python2.7.v3":{"data":{"architecture":3,"path":"/usr/bin/python2.7","version":{"options":{"loose":false,"includePrerelease":false},"loose":false,"raw":"2.7.18-final","major":2,"minor":7,"patch":18,"prerelease":["final"],"build":[],"version":"2.7.18-final"},"sysVersion":"2.7.18 (default, Jul 14 2021, 08:11:37) \n[GCC 10.2.1 20210110]","sysPrefix":"/usr","fileHash":"1884210b10690349f4257497721915160e168eeff710c3107986b0f7687582b14666ad77cc78ec8c48a7e9b2060ad58945340d089d2c8dbaf5abe54a718e23da"},"expiry":1656517134312},"/bin/python3.9.v3":{"data":{"architecture":3,"path":"/bin/python3.9","version":{"options":{"loose":false,"includePrerelease":false},"loose":false,"raw":"3.9.2-final","major":3,"minor":9,"patch":2,"prerelease":["final"],"build":[],"version":"3.9.2-final"},"sysVersion":"3.9.2 (default, Feb 28 2021, 17:03:44) \n[GCC 10.2.1 20210110]","sysPrefix":"/usr","fileHash":"91271268733df3af77cc227ecea977cb0049b254516de265ce54ed5704fcbc72156f34df76aabda3f13f764daa844e7c3618256bd4a593ae76cbc0e095941c57"},"expiry":1656517134316},"/bin/python3.v3":{"data":{"architecture":3,"path":"/bin/python3","version":{"options":{"loose":false,"includePrerelease":false},"loose":false,"raw":"3.9.2-final","major":3,"minor":9,"patch":2,"prerelease":["final"],"build":[],"version":"3.9.2-final"},"sysVersion":"3.9.2 (default, Feb 28 2021, 17:03:44) \n[GCC 10.2.1 20210110]","sysPrefix":"/usr","fileHash":"b6d1dd9b474b944a1dcf683d15d252eefc8365d88d89634566d87f5e9786b0106ae9afb91b44a54547dddfa6d0a61d917d0bfaa213dd2de4bed28c592ecb49bf"},"expiry":1656517134339},"INTERPRETERS_CACHE_v3_KnownPathsService":[{"architecture":3,"path":"/usr/bin/python","version":{"options":{"loose":false,"includePrerelease":false},"loose":false,"raw":"3.9.2-final","major":3,"minor":9,"patch":2,"prerelease":["final"],"build":[],"version":"3.9.2-final"},"sysVersion":"3.9.2 (default, Feb 28 2021, 17:03:44) \n[GCC 10.2.1 20210110]","sysPrefix":"/usr","fileHash":"ee64596b06ad9b867453dcb4f2930c4f162d12791695c1bb1ae263e995302cc221ef0d78b6156064ddb06c13fe81744930e4dc88c7303166ba3551f61d0bba10","envType":"Unknown"},{"architecture":3,"path":"/usr/bin/python2","version":{"options":{"loose":false,"includePrerelease":false},"loose":false,"raw":"2.7.18-final","major":2,"minor":7,"patch":18,"prerelease":["final"],"build":[],"version":"2.7.18-final"},"sysVersion":"2.7.18 (default, Jul 14 2021, 08:11:37) \n[GCC 10.2.1 20210110]","sysPrefix":"/usr","fileHash":"b6bee0bff9bbad83d39f3cd12d7b61b9f362cd807b5d455f8b5ee0057f874ee1182f614862b4d3b894c2b64952c96b456277a273d8f04d5130d3938773775899","envType":"Unknown"},{"architecture":3,"path":"/usr/bin/python2.7","version":{"options":{"loose":false,"includePrerelease":false},"loose":false,"raw":"2.7.18-final","major":2,"minor":7,"patch":18,"prerelease":["final"],"build":[],"version":"2.7.18-final"},"sysVersion":"2.7.18 (default, Jul 14 2021, 08:11:37) \n[GCC 10.2.1 20210110]","sysPrefix":"/usr","fileHash":"1884210b10690349f4257497721915160e168eeff710c3107986b0f7687582b14666ad77cc78ec8c48a7e9b2060ad58945340d089d2c8dbaf5abe54a718e23da","envType":"Unknown"},{"architecture":3,"path":"/usr/bin/python3","version":{"options":{"loose":false,"includePrerelease":false},"loose":false,"raw":"3.9.2-final","major":3,"minor":9,"patch":2,"prerelease":["final"],"build":[],"version":"3.9.2-final"},"sysVersion":"3.9.2 (default, Feb 28 2021, 17:03:44) \n[GCC 10.2.1 20210110]","sysPrefix":"/usr","fileHash":"b6d1dd9b474b944a1dcf683d15d252eefc8365d88d89634566d87f5e9786b0106ae9afb91b44a54547dddfa6d0a61d917d0bfaa213dd2de4bed28c592ecb49bf","envType":"Unknown"},{"architecture":3,"path":"/usr/bin/python3.9","version":{"options":{"loose":false,"includePrerelease":false},"loose":false,"raw":"3.9.2-final","major":3,"minor":9,"patch":2,"prerelease":["final"],"build":[],"version":"3.9.2-final"},"sysVersion":"3.9.2 (default, Feb 28 2021, 17:03:44) \n[GCC 10.2.1 20210110]","sysPrefix":"/usr","fileHash":"91271268733df3af77cc227ecea977cb0049b254516de265ce54ed5704fcbc72156f34df76aabda3f13f764daa844e7c3618256bd4a593ae76cbc0e095941c57","envType":"Unknown"},{"architecture":3,"path":"/bin/python","version":{"options":{"loose":false,"includePrerelease":false},"loose":false,"raw":"3.9.2-final","major":3,"minor":9,"patch":2,"prerelease":["final"],"build":[],"version":"3.9.2-final"},"sysVersion":"3.9.2 (default, Feb 28 2021, 17:03:44) \n[GCC 10.2.1 20210110]","sysPrefix":"/usr","fileHash":"ee64596b06ad9b867453dcb4f2930c4f162d12791695c1bb1ae263e995302cc221ef0d78b6156064ddb06c13fe81744930e4dc88c7303166ba3551f61d0bba10","envType":"Unknown"},{"architecture":3,"path":"/bin/python2","version":{"options":{"loose":false,"includePrerelease":false},"loose":false,"raw":"2.7.18-final","major":2,"minor":7,"patch":18,"prerelease":["final"],"build":[],"version":"2.7.18-final"},"sysVersion":"2.7.18 (default, Jul 14 2021, 08:11:37) \n[GCC 10.2.1 20210110]","sysPrefix":"/usr","fileHash":"b6bee0bff9bbad83d39f3cd12d7b61b9f362cd807b5d455f8b5ee0057f874ee1182f614862b4d3b894c2b64952c96b456277a273d8f04d5130d3938773775899","envType":"Unknown"},{"architecture":3,"path":"/bin/python2.7","version":{"options":{"loose":false,"includePrerelease":false},"loose":false,"raw":"2.7.18-final","major":2,"minor":7,"patch":18,"prerelease":["final"],"build":[],"version":"2.7.18-final"},"sysVersion":"2.7.18 (default, Jul 14 2021, 08:11:37) \n[GCC 10.2.1 20210110]","sysPrefix":"/usr","fileHash":"1884210b10690349f4257497721915160e168eeff710c3107986b0f7687582b14666ad77cc78ec8c48a7e9b2060ad58945340d089d2c8dbaf5abe54a718e23da","envType":"Unknown"},{"architecture":3,"path":"/bin/python3","version":{"options":{"loose":false,"includePrerelease":false},"loose":false,"raw":"3.9.2-final","major":3,"minor":9,"patch":2,"prerelease":["final"],"build":[],"version":"3.9.2-final"},"sysVersion":"3.9.2 (default, Feb 28 2021, 17:03:44) \n[GCC 10.2.1 20210110]","sysPrefix":"/usr","fileHash":"b6d1dd9b474b944a1dcf683d15d252eefc8365d88d89634566d87f5e9786b0106ae9afb91b44a54547dddfa6d0a61d917d0bfaa213dd2de4bed28c592ecb49bf","envType":"Unknown"},{"architecture":3,"path":"/bin/python3.9","version":{"options":{"loose":false,"includePrerelease":false},"loose":false,"raw":"3.9.2-final","major":3,"minor":9,"patch":2,"prerelease":["final"],"build":[],"version":"3.9.2-final"},"sysVersion":"3.9.2 (default, Feb 28 2021, 17:03:44) \n[GCC 10.2.1 20210110]","sysPrefix":"/usr","fileHash":"91271268733df3af77cc227ecea977cb0049b254516de265ce54ed5704fcbc72156f34df76aabda3f13f764daa844e7c3618256bd4a593ae76cbc0e095941c57","envType":"Unknown"},{"architecture":3,"path":"/usr/bin/python","version":{"options":{"loose":false,"includePrerelease":false},"loose":false,"raw":"3.9.2-final","major":3,"minor":9,"patch":2,"prerelease":["final"],"build":[],"version":"3.9.2-final"},"sysVersion":"3.9.2 (default, Feb 28 2021, 17:03:44) \n[GCC 10.2.1 20210110]","sysPrefix":"/usr","fileHash":"ee64596b06ad9b867453dcb4f2930c4f162d12791695c1bb1ae263e995302cc221ef0d78b6156064ddb06c13fe81744930e4dc88c7303166ba3551f61d0bba10","envType":"Unknown"},{"architecture":3,"path":"/usr/bin/python2","version":{"options":{"loose":false,"includePrerelease":false},"loose":false,"raw":"2.7.18-final","major":2,"minor":7,"patch":18,"prerelease":["final"],"build":[],"version":"2.7.18-final"},"sysVersion":"2.7.18 (default, Jul 14 2021, 08:11:37) \n[GCC 10.2.1 20210110]","sysPrefix":"/usr","fileHash":"b6bee0bff9bbad83d39f3cd12d7b61b9f362cd807b5d455f8b5ee0057f874ee1182f614862b4d3b894c2b64952c96b456277a273d8f04d5130d3938773775899","envType":"Unknown"},{"architecture":3,"path":"/usr/bin/python2.7","version":{"options":{"loose":false,"includePrerelease":false},"loose":false,"raw":"2.7.18-final","major":2,"minor":7,"patch":18,"prerelease":["final"],"build":[],"version":"2.7.18-final"},"sysVersion":"2.7.18 (default, Jul 14 2021, 08:11:37) \n[GCC 10.2.1 20210110]","sysPrefix":"/usr","fileHash":"1884210b10690349f4257497721915160e168eeff710c3107986b0f7687582b14666ad77cc78ec8c48a7e9b2060ad58945340d089d2c8dbaf5abe54a718e23da","envType":"Unknown"},{"architecture":3,"path":"/usr/bin/python3","version":{"options":{"loose":false,"includePrerelease":false},"loose":false,"raw":"3.9.2-final","major":3,"minor":9,"patch":2,"prerelease":["final"],"build":[],"version":"3.9.2-final"},"sysVersion":"3.9.2 (default, Feb 28 2021, 17:03:44) \n[GCC 10.2.1 20210110]","sysPrefix":"/usr","fileHash":"b6d1dd9b474b944a1dcf683d15d252eefc8365d88d89634566d87f5e9786b0106ae9afb91b44a54547dddfa6d0a61d917d0bfaa213dd2de4bed28c592ecb49bf","envType":"Unknown"},{"architecture":3,"path":"/usr/bin/python3.9","version":{"options":{"loose":false,"includePrerelease":false},"loose":false,"raw":"3.9.2-final","major":3,"minor":9,"patch":2,"prerelease":["final"],"build":[],"version":"3.9.2-final"},"sysVersion":"3.9.2 (default, Feb 28 2021, 17:03:44) \n[GCC 10.2.1 20210110]","sysPrefix":"/usr","fileHash":"91271268733df3af77cc227ecea977cb0049b254516de265ce54ed5704fcbc72156f34df76aabda3f13f764daa844e7c3618256bd4a593ae76cbc0e095941c57","envType":"Unknown"},{"architecture":3,"path":"/bin/python","version":{"options":{"loose":false,"includePrerelease":false},"loose":false,"raw":"3.9.2-final","major":3,"minor":9,"patch":2,"prerelease":["final"],"build":[],"version":"3.9.2-final"},"sysVersion":"3.9.2 (default, Feb 28 2021, 17:03:44) \n[GCC 10.2.1 20210110]","sysPrefix":"/usr","fileHash":"ee64596b06ad9b867453dcb4f2930c4f162d12791695c1bb1ae263e995302cc221ef0d78b6156064ddb06c13fe81744930e4dc88c7303166ba3551f61d0bba10","envType":"Unknown"},{"architecture":3,"path":"/bin/python2","version":{"options":{"loose":false,"includePrerelease":false},"loose":false,"raw":"2.7.18-final","major":2,"minor":7,"patch":18,"prerelease":["final"],"build":[],"version":"2.7.18-final"},"sysVersion":"2.7.18 (default, Jul 14 2021, 08:11:37) \n[GCC 10.2.1 20210110]","sysPrefix":"/usr","fileHash":"b6bee0bff9bbad83d39f3cd12d7b61b9f362cd807b5d455f8b5ee0057f874ee1182f614862b4d3b894c2b64952c96b456277a273d8f04d5130d3938773775899","envType":"Unknown"},{"architecture":3,"path":"/bin/python2.7","version":{"options":{"loose":false,"includePrerelease":false},"loose":false,"raw":"2.7.18-final","major":2,"minor":7,"patch":18,"prerelease":["final"],"build":[],"version":"2.7.18-final"},"sysVersion":"2.7.18 (default, Jul 14 2021, 08:11:37) \n[GCC 10.2.1 20210110]","sysPrefix":"/usr","fileHash":"1884210b10690349f4257497721915160e168eeff710c3107986b0f7687582b14666ad77cc78ec8c48a7e9b2060ad58945340d089d2c8dbaf5abe54a718e23da","envType":"Unknown"},{"architecture":3,"path":"/bin/python3","version":{"options":{"loose":false,"includePrerelease":false},"loose":false,"raw":"3.9.2-final","major":3,"minor":9,"patch":2,"prerelease":["final"],"build":[],"version":"3.9.2-final"},"sysVersion":"3.9.2 (default, Feb 28 2021, 17:03:44) \n[GCC 10.2.1 20210110]","sysPrefix":"/usr","fileHash":"b6d1dd9b474b944a1dcf683d15d252eefc8365d88d89634566d87f5e9786b0106ae9afb91b44a54547dddfa6d0a61d917d0bfaa213dd2de4bed28c592ecb49bf","envType":"Unknown"},{"architecture":3,"path":"/bin/python3.9","version":{"options":{"loose":false,"includePrerelease":false},"loose":false,"raw":"3.9.2-final","major":3,"minor":9,"patch":2,"prerelease":["final"],"build":[],"version":"3.9.2-final"},"sysVersion":"3.9.2 (default, Feb 28 2021, 17:03:44) \n[GCC 10.2.1 20210110]","sysPrefix":"/usr","fileHash":"91271268733df3af77cc227ecea977cb0049b254516de265ce54ed5704fcbc72156f34df76aabda3f13f764daa844e7c3618256bd4a593ae76cbc0e095941c57","envType":"Unknown"}],"PipEnvInformation":[],"/usr/bin/python.interpreter.displayName.v7":{"data":{"displayName":"Python 3.9.2 64-bit","hash":"ee64596b06ad9b867453dcb4f2930c4f162d12791695c1bb1ae263e995302cc221ef0d78b6156064ddb06c13fe81744930e4dc88c7303166ba3551f61d0bba10-a3f22f00b578b528686b53f1d99c51ba"},"expiry":1656517134846},"/usr/bin/python2.interpreter.displayName.v7":{"data":{"displayName":"Python 2.7.18 64-bit","hash":"b6bee0bff9bbad83d39f3cd12d7b61b9f362cd807b5d455f8b5ee0057f874ee1182f614862b4d3b894c2b64952c96b456277a273d8f04d5130d3938773775899-6a0cd8ec2f47a9effbbe1e519243e3f2"},"expiry":1656517134856},"/bin/python.interpreter.displayName.v7":{"data":{"displayName":"Python 3.9.2 64-bit","hash":"ee64596b06ad9b867453dcb4f2930c4f162d12791695c1bb1ae263e995302cc221ef0d78b6156064ddb06c13fe81744930e4dc88c7303166ba3551f61d0bba10-ad19be1c9ffba02cf4e00c3c89388900"},"expiry":1656517134857},"/bin/python2.interpreter.displayName.v7":{"data":{"displayName":"Python 2.7.18 64-bit","hash":"b6bee0bff9bbad83d39f3cd12d7b61b9f362cd807b5d455f8b5ee0057f874ee1182f614862b4d3b894c2b64952c96b456277a273d8f04d5130d3938773775899-7e4504ba6ff1e863ab45edbb292e58fd"},"expiry":1656517134859},"InterpreterAutoSeletionRule-system":{"architecture":3,"path":"/bin/python","version":{"options":{"loose":false,"includePrerelease":false},"loose":false,"raw":"3.9.2-final","major":3,"minor":9,"patch":2,"prerelease":["final"],"build":[],"version":"3.9.2-final"},"sysVersion":"3.9.2 (default, Feb 28 2021, 17:03:44) \n[GCC 10.2.1 20210110]","sysPrefix":"/usr","fileHash":"ee64596b06ad9b867453dcb4f2930c4f162d12791695c1bb1ae263e995302cc221ef0d78b6156064ddb06c13fe81744930e4dc88c7303166ba3551f61d0bba10","envType":"Unknown","displayName":"Python 3.9.2 64-bit"},"/usr/bin/python2.interpreter.Details.v7":{"data":{"fileHash":"b6bee0bff9bbad83d39f3cd12d7b61b9f362cd807b5d455f8b5ee0057f874ee1182f614862b4d3b894c2b64952c96b456277a273d8f04d5130d3938773775899","info":{"architecture":3,"path":"/usr/bin/python2","version":{"options":{"loose":false,"includePrerelease":false},"loose":false,"raw":"2.7.18-final","major":2,"minor":7,"patch":18,"prerelease":["final"],"build":[],"version":"2.7.18-final"},"sysVersion":"2.7.18 (default, Jul 14 2021, 08:11:37) \n[GCC 10.2.1 20210110]","sysPrefix":"/usr","fileHash":"b6bee0bff9bbad83d39f3cd12d7b61b9f362cd807b5d455f8b5ee0057f874ee1182f614862b4d3b894c2b64952c96b456277a273d8f04d5130d3938773775899","envType":"Unknown","displayName":"Python 2.7.18 64-bit"}},"expiry":1656517135025},"/bin/python.interpreter.Details.v7":{"data":{"fileHash":"ee64596b06ad9b867453dcb4f2930c4f162d12791695c1bb1ae263e995302cc221ef0d78b6156064ddb06c13fe81744930e4dc88c7303166ba3551f61d0bba10","info":{"architecture":3,"path":"/bin/python","version":{"options":{"loose":false,"includePrerelease":false},"loose":false,"raw":"3.9.2-final","major":3,"minor":9,"patch":2,"prerelease":["final"],"build":[],"version":"3.9.2-final"},"sysVersion":"3.9.2 (default, Feb 28 2021, 17:03:44) \n[GCC 10.2.1 20210110]","sysPrefix":"/usr","fileHash":"ee64596b06ad9b867453dcb4f2930c4f162d12791695c1bb1ae263e995302cc221ef0d78b6156064ddb06c13fe81744930e4dc88c7303166ba3551f61d0bba10","envType":"Unknown","displayName":"Python 3.9.2 64-bit"}},"expiry":1656517135025},"/bin/python2.interpreter.Details.v7":{"data":{"fileHash":"b6bee0bff9bbad83d39f3cd12d7b61b9f362cd807b5d455f8b5ee0057f874ee1182f614862b4d3b894c2b64952c96b456277a273d8f04d5130d3938773775899","info":{"architecture":3,"path":"/bin/python2","version":{"options":{"loose":false,"includePrerelease":false},"loose":false,"raw":"2.7.18-final","major":2,"minor":7,"patch":18,"prerelease":["final"],"build":[],"version":"2.7.18-final"},"sysVersion":"2.7.18 (default, Jul 14 2021, 08:11:37) \n[GCC 10.2.1 20210110]","sysPrefix":"/usr","fileHash":"b6bee0bff9bbad83d39f3cd12d7b61b9f362cd807b5d455f8b5ee0057f874ee1182f614862b4d3b894c2b64952c96b456277a273d8f04d5130d3938773775899","envType":"Unknown","displayName":"Python 2.7.18 64-bit"}},"expiry":1656517135054},"SWITCH_LS":"Jedi"},"googlecloudtools.cloudcode":{"cloudcode.session-index":{"dateStr":"20220628","counter":0}}}
