{"ms-python.python":{"INTERPRETERS_CACHE_v3_WorkspaceVirtualEnvService:5b89e5689ddf79eacae5212a90c2c36f":[],"autoSelectedWorkspacePythonInterpreter-/home/karminedahockeybeast":{"architecture":3,"path":"/usr/bin/python","version":{"options":{"loose":false,"includePrerelease":false},"loose":false,"raw":"3.9.2-final","major":3,"minor":9,"patch":2,"prerelease":["final"],"build":[],"version":"3.9.2-final"},"sysVersion":"3.9.2 (default, Feb 28 2021, 17:03:44) \n[GCC 10.2.1 20210110]","sysPrefix":"/usr","fileHash":"ee64596b06ad9b867453dcb4f2930c4f162d12791695c1bb1ae263e995302cc221ef0d78b6156064ddb06c13fe81744930e4dc88c7303166ba3551f61d0bba10","envType":"Unknown"},"INTERPRETERS_CACHE_v3_WorkspaceVirtualEnvService":[]}}
